{
  "info": {
    "name": "Authentication API",
    "description": "Complete Auth API with OTP verification, Password Reset, Edit Profile, Image Upload, and Google OAuth for Customers and Providers",
    "schema": "https://schema.getpostman.com/json/collection/v2.1.0/collection.json"
  },
  "item": [
    {
      "name": "Authentication",
      "item": [
        {
          "name": "Customer Signup",
          "request": {
            "method": "POST",
            "header": [
              {
                "key": "Content-Type",
                "value": "application/json"
              }
            ],
            "body": {
              "mode": "raw",
              "raw": "{\n  \"email\": \"customer@example.com\",\n  \"username\": \"customer123\",\n  \"phoneNumber\": \"+1234567890\",\n  \"password\": \"password123\",\n  \"role\": \"customer\",\n  \"firstName\": \"John\",\n  \"lastName\": \"Doe\"\n}"
            },
            "url": {
              "raw": "{{base_url}}/api/auth/signup",
              "host": ["{{base_url}}"],
              "path": ["api", "auth", "signup"]
            }
          }
        },
        {
          "name": "Provider Signup",
          "request": {
            "method": "POST",
            "header": [
              {
                "key": "Content-Type",
                "value": "application/json"
              }
            ],
            "body": {
              "mode": "raw",
              "raw": "{\n  \"email\": \"provider@example.com\",\n  \"username\": \"provider123\",\n  \"phoneNumber\": \"+1234567890\",\n  \"password\": \"password123\",\n  \"role\": \"provider\",\n  \"firstName\": \"Service\",\n  \"lastName\": \"Provider\"\n}"
            },
            "url": {
              "raw": "{{base_url}}/api/auth/signup",
              "host": ["{{base_url}}"],
              "path": ["api", "auth", "signup"]
            }
          }
        },
        {
          "name": "Verify OTP",
          "request": {
            "method": "POST",
            "header": [
              {
                "key": "Content-Type",
                "value": "application/json"
              }
            ],
            "body": {
              "mode": "raw",
              "raw": "{\n  \"userId\": \"{{userId}}\",\n  \"otp\": \"123456\"\n}"
            },
            "url": {
              "raw": "{{base_url}}/api/auth/verify-otp",
              "host": ["{{base_url}}"],
              "path": ["api", "auth", "verify-otp"]
            }
          }
        },
        {
          "name": "Resend OTP",
          "request": {
            "method": "POST",
            "header": [
              {
                "key": "Content-Type",
                "value": "application/json"
              }
            ],
            "body": {
              "mode": "raw",
              "raw": "{\n  \"email\": \"customer@example.com\"\n}"
            },
            "url": {
              "raw": "{{base_url}}/api/auth/resend-otp",
              "host": ["{{base_url}}"],
              "path": ["api", "auth", "resend-otp"]
            }
          }
        },
        {
          "name": "Customer Login",
          "request": {
            "method": "POST",
            "header": [
              {
                "key": "Content-Type",
                "value": "application/json"
              }
            ],
            "body": {
              "mode": "raw",
              "raw": "{\n  \"email\": \"customer@example.com\",\n  \"password\": \"password123\"\n}"
            },
            "url": {
              "raw": "{{base_url}}/api/auth/login",
              "host": ["{{base_url}}"],
              "path": ["api", "auth", "login"]
            }
          }
        },
        {
          "name": "Provider Login",
          "request": {
            "method": "POST",
            "header": [
              {
                "key": "Content-Type",
                "value": "application/json"
              }
            ],
            "body": {
              "mode": "raw",
              "raw": "{\n  \"email\": \"provider@example.com\",\n  \"password\": \"password123\"\n}"
            },
            "url": {
              "raw": "{{base_url}}/api/auth/login",
              "host": ["{{base_url}}"],
              "path": ["api", "auth", "login"]
            }
          }
        },
        {
          "name": "Google OAuth Login",
          "request": {
            "method": "POST",
            "header": [
              {
                "key": "Content-Type",
                "value": "application/json"
              }
            ],
            "body": {
              "mode": "raw",
              "raw": "{\n  \"googleId\": \"google_unique_id_12345\",\n  \"email\": \"user@gmail.com\",\n  \"firstName\": \"John\",\n  \"lastName\": \"Doe\",\n  \"role\": \"customer\"\n}"
            },
            "url": {
              "raw": "{{base_url}}/api/auth/google-auth",
              "host": ["{{base_url}}"],
              "path": ["api", "auth", "google-auth"]
            }
          }
        }
      ]
    },
    {
      "name": "Password Reset",
      "item": [
        {
          "name": "Forgot Password (Send OTP)",
          "request": {
            "method": "POST",
            "header": [
              {
                "key": "Content-Type",
                "value": "application/json"
              }
            ],
            "body": {
              "mode": "raw",
              "raw": "{\n  \"email\": \"customer@example.com\"\n}"
            },
            "url": {
              "raw": "{{base_url}}/api/auth/forgot-password",
              "host": ["{{base_url}}"],
              "path": ["api", "auth", "forgot-password"]
            }
          }
        },
        {
          "name": "Verify Reset OTP",
          "request": {
            "method": "POST",
            "header": [
              {
                "key": "Content-Type",
                "value": "application/json"
              }
            ],
            "body": {
              "mode": "raw",
              "raw": "{\n  \"userId\": \"{{userId}}\",\n  \"otp\": \"123456\"\n}"
            },
            "url": {
              "raw": "{{base_url}}/api/auth/verify-reset-otp",
              "host": ["{{base_url}}"],
              "path": ["api", "auth", "verify-reset-otp"]
            }
          }
        },
        {
          "name": "Reset Password",
          "request": {
            "method": "POST",
            "header": [
              {
                "key": "Content-Type",
                "value": "application/json"
              }
            ],
            "body": {
              "mode": "raw",
              "raw": "{\n  \"userId\": \"{{userId}}\",\n  \"newPassword\": \"newpassword123\",\n  \"confirmPassword\": \"newpassword123\"\n}"
            },
            "url": {
              "raw": "{{base_url}}/api/auth/reset-password",
              "host": ["{{base_url}}"],
              "path": ["api", "auth", "reset-password"]
            }
          }
        }
      ]
    },
    {
      "name": "Profile Management",
      "item": [
        {
          "name": "Edit Profile with Image (Customer)",
          "request": {
            "method": "PUT",
            "header": [],
            "body": {
              "mode": "formdata",
              "formdata": [
                {
                  "key": "firstName",
                  "value": "John",
                  "type": "text"
                },
                {
                  "key": "lastName",
                  "value": "Doe",
                  "type": "text"
                },
                {
                  "key": "contact",
                  "value": "07 007089 0620",
                  "type": "text"
                },
                {
                  "key": "address",
                  "value": "2281 Rohar Street, Mumbai, India",
                  "type": "text"
                },
                {
                  "key": "email",
                  "value": "customer@example.com",
                  "type": "text"
                },
                {
                  "key": "profileImage",
                  "type": "file",
                  "src": []
                }
              ]
            },
            "url": {
              "raw": "{{base_url}}/api/auth/edit-profile/{{userId}}",
              "host": ["{{base_url}}"],
              "path": ["api", "auth", "edit-profile", "{{userId}}"]
            }
          }
        },
        {
          "name": "Edit Profile with Image (Provider)",
          "request": {
            "method": "PUT",
            "header": [],
            "body": {
              "mode": "formdata",
              "formdata": [
                {
                  "key": "firstName",
                  "value": "Service",
                  "type": "text"
                },
                {
                  "key": "lastName",
                  "value": "Provider",
                  "type": "text"
                },
                {
                  "key": "contact",
                  "value": "07 007089 0620",
                  "type": "text"
                },
                {
                  "key": "address",
                  "value": "2281 Rohar Street, Mumbai, India",
                  "type": "text"
                },
                {
                  "key": "email",
                  "value": "provider@example.com",
                  "type": "text"
                },
                {
                  "key": "profileImage",
                  "type": "file",
                  "src": []
                }
              ]
            },
            "url": {
              "raw": "{{base_url}}/api/auth/edit-profile/{{userId}}",
              "host": ["{{base_url}}"],
              "path": ["api", "auth", "edit-profile", "{{userId}}"]
            }
          }
        }
      ]
    },
    {
      "name": "Health Check",
      "request": {
        "method": "GET",
        "url": {
          "raw": "{{base_url}}/health",
          "host": ["{{base_url}}"],
          "path": ["health"]
        }
      }
    }
  ],
  "variable": [
    {
      "key": "base_url",
      "value": "http://localhost:5000",
      "type": "string"
    },
    {
      "key": "userId",
      "value": "",
      "type": "string"
    }
  ]
}
