{
  "info": {
    "_postman_id": "4d2735ee-20fd-4df7-ad8f-19a64f159a65",
    "name": "AppointmentHub Phase 2 - Multi-Tenant SaaS",
    "description": "Complete API collection for AppointmentHub Phase 2: Platform Admin, Partner Management, Plans, Licensing, Branding, Domains, and Team Management",
    "schema": "https://schema.getpostman.com/json/collection/v2.1.0/collection.json",
    "_exporter_id": "46536919",
    "_collection_link": "https://go.postman.co/collection/46536919-4d2735ee-20fd-4df7-ad8f-19a64f159a65?source=collection_link"
  },
  "item": [
    {
      "name": "0. Platform Admin Setup",
      "item": [
        {
          "name": "Create Platform Admin (Script)",
          "request": {
            "method": "GET",
            "header": [],
            "url": {
              "raw": "{{base_url}}/admin/setup",
              "host": [
                "{{base_url}}"
              ],
              "path": [
                "admin",
                "setup"
              ]
            },
            "description": "Run this script via CLI: node scripts/createPlatformAdmin.js <email> <password>\nOr set environment variables: ADMIN_EMAIL and ADMIN_PASSWORD"
          },
          "response": []
        },
        {
          "name": "Platform Admin Login",
          "event": [
            {
              "listen": "test",
              "script": {
                "exec": [
                  "if (pm.response.code === 200) {",
                  "  var jsonData = pm.response.json();",
                  "  pm.environment.set('platform_admin_token', jsonData.data.token);",
                  "}"
                ],
                "type": "text/javascript"
              }
            }
          ],
          "request": {
            "method": "POST",
            "header": [
              {
                "key": "Content-Type",
                "value": "application/json"
              }
            ],
            "body": {
              "mode": "raw",
              "raw": "{\n  \"email\": \"admin@appointmenthub.com\",\n  \"password\": \"AdminPassword123!\",\n  \"role\": \"platform_admin\"\n}"
            },
            "url": {
              "raw": "{{base_url}}/auth/login",
              "host": [
                "{{base_url}}"
              ],
              "path": [
                "auth",
                "login"
              ]
            }
          },
          "response": []
        }
      ]
    },
    {
      "name": "1. Plan Management (Platform Admin)",
      "item": [
        {
          "name": "Create Free Plan",
          "event": [
            {
              "listen": "test",
              "script": {
                "exec": [
                  "if (pm.response.code === 201) {",
                  "  var jsonData = pm.response.json();",
                  "  pm.environment.set('plan_id', jsonData.data._id);",
                  "}"
                ],
                "type": "text/javascript"
              }
            }
          ],
          "request": {
            "method": "POST",
            "header": [
              {
                "key": "Authorization",
                "value": "Bearer {{platform_admin_token}}"
              },
              {
                "key": "Content-Type",
                "value": "application/json"
              }
            ],
            "body": {
              "mode": "raw",
              "raw": "{\n  \"name\": \"Free\",\n  \"price\": 0,\n  \"billingCycle\": \"MONTHLY\",\n  \"customerLimit\": 50,\n  \"providerLimit\": 5,\n  \"features\": {\n    \"branding\": false,\n    \"domain\": false,\n    \"analytics\": false\n  }\n}"
            },
            "url": {
              "raw": "{{base_url}}/admin/plans",
              "host": [
                "{{base_url}}"
              ],
              "path": [
                "admin",
                "plans"
              ]
            }
          },
          "response": []
        },
        {
          "name": "Create Starter Plan",
          "request": {
            "method": "POST",
            "header": [
              {
                "key": "Authorization",
                "value": "Bearer {{platform_admin_token}}"
              },
              {
                "key": "Content-Type",
                "value": "application/json"
              }
            ],
            "body": {
              "mode": "raw",
              "raw": "{\n  \"name\": \"Starter\",\n  \"price\": 29,\n  \"billingCycle\": \"MONTHLY\",\n  \"customerLimit\": 200,\n  \"providerLimit\": 10,\n  \"features\": {\n    \"branding\": true,\n    \"domain\": false,\n    \"analytics\": true\n  }\n}"
            },
            "url": {
              "raw": "{{base_url}}/admin/plans",
              "host": [
                "{{base_url}}"
              ],
              "path": [
                "admin",
                "plans"
              ]
            }
          },
          "response": []
        },
        {
          "name": "Create Pro Plan",
          "request": {
            "method": "POST",
            "header": [
              {
                "key": "Authorization",
                "value": "Bearer {{platform_admin_token}}"
              },
              {
                "key": "Content-Type",
                "value": "application/json"
              }
            ],
            "body": {
              "mode": "raw",
              "raw": "{\n  \"name\": \"Pro\",\n  \"price\": 79,\n  \"billingCycle\": \"MONTHLY\",\n  \"customerLimit\": 1000,\n  \"providerLimit\": 50,\n  \"features\": {\n    \"branding\": true,\n    \"domain\": true,\n    \"analytics\": true,\n    \"customDomain\": true,\n    \"advancedReporting\": true\n  }\n}"
            },
            "url": {
              "raw": "{{base_url}}/admin/plans",
              "host": [
                "{{base_url}}"
              ],
              "path": [
                "admin",
                "plans"
              ]
            }
          },
          "response": []
        },
        {
          "name": "Create Enterprise Plan",
          "request": {
            "method": "POST",
            "header": [
              {
                "key": "Authorization",
                "value": "Bearer {{platform_admin_token}}"
              },
              {
                "key": "Content-Type",
                "value": "application/json"
              }
            ],
            "body": {
              "mode": "raw",
              "raw": "{\n  \"name\": \"Enterprise\",\n  \"price\": 299,\n  \"billingCycle\": \"MONTHLY\",\n  \"customerLimit\": 10000,\n  \"providerLimit\": 500,\n  \"features\": {\n    \"branding\": true,\n    \"domain\": true,\n    \"analytics\": true,\n    \"customDomain\": true,\n    \"advancedReporting\": true,\n    \"apiAccess\": true\n  }\n}"
            },
            "url": {
              "raw": "{{base_url}}/admin/plans",
              "host": [
                "{{base_url}}"
              ],
              "path": [
                "admin",
                "plans"
              ]
            }
          },
          "response": []
        },
        {
          "name": "List All Plans",
          "request": {
            "method": "GET",
            "header": [
              {
                "key": "Authorization",
                "value": "Bearer {{platform_admin_token}}"
              }
            ],
            "url": {
              "raw": "{{base_url}}/admin/plans",
              "host": [
                "{{base_url}}"
              ],
              "path": [
                "admin",
                "plans"
              ]
            }
          },
          "response": []
        },
        {
          "name": "Get Plan by ID",
          "request": {
            "method": "GET",
            "header": [
              {
                "key": "Authorization",
                "value": "Bearer {{platform_admin_token}}"
              }
            ],
            "url": {
              "raw": "{{base_url}}/admin/plans/{{plan_id}}",
              "host": [
                "{{base_url}}"
              ],
              "path": [
                "admin",
                "plans",
                "{{plan_id}}"
              ]
            }
          },
          "response": []
        },
        {
          "name": "Update Plan",
          "request": {
            "method": "PUT",
            "header": [
              {
                "key": "Authorization",
                "value": "Bearer {{platform_admin_token}}"
              },
              {
                "key": "Content-Type",
                "value": "application/json"
              }
            ],
            "body": {
              "mode": "raw",
              "raw": "{\n  \"price\": 35,\n  \"customerLimit\": 250,\n  \"features\": {\n    \"branding\": true,\n    \"analytics\": true,\n    \"advancedReporting\": true\n  }\n}"
            },
            "url": {
              "raw": "{{base_url}}/admin/plans/{{plan_id}}",
              "host": [
                "{{base_url}}"
              ],
              "path": [
                "admin",
                "plans",
                "{{plan_id}}"
              ]
            }
          },
          "response": []
        }
      ]
    },
    {
      "name": "2. Partner Self-Registration",
      "item": [
        {
          "name": "1. Signup as Partner Admin",
          "event": [
            {
              "listen": "test",
              "script": {
                "exec": [
                  "if (pm.response.code === 201) {",
                  "  var jsonData = pm.response.json();",
                  "  pm.environment.set('partner_user_id', jsonData.data.userId);",
                  "  pm.environment.set('partner_email', 'partner@example.com');",
                  "}"
                ],
                "type": "text/javascript"
              }
            }
          ],
          "request": {
            "method": "POST",
            "header": [
              {
                "key": "Content-Type",
                "value": "application/json"
              }
            ],
            "body": {
              "mode": "raw",
              "raw": "{\n  \"email\": \"partner@example.com\",\n  \"username\": \"partner_admin_user\",\n  \"password\": \"SecurePassword123!\",\n  \"phoneNumber\": \"+1234567890\",\n  \"role\": \"partner_admin\"\n}"
            },
            "url": {
              "raw": "{{base_url}}/auth/signup",
              "host": [
                "{{base_url}}"
              ],
              "path": [
                "auth",
                "signup"
              ]
            },
            "description": "FR.UM.1.0 REQUIREMENT: Partner/Admin users self-register with role=partner_admin\nEmail verification required before next step"
          },
          "response": []
        },
        {
          "name": "2. Verify OTP (Email Verification)",
          "request": {
            "method": "POST",
            "header": [
              {
                "key": "Content-Type",
                "value": "application/json"
              }
            ],
            "body": {
              "mode": "raw",
              "raw": "{\n  \"userId\": \"{{partner_user_id}}\",\n  \"otp\": \"123456\"\n}"
            },
            "url": {
              "raw": "{{base_url}}/auth/verify-otp",
              "host": [
                "{{base_url}}"
              ],
              "path": [
                "auth",
                "verify-otp"
              ]
            },
            "description": "Verify the OTP sent to partner email"
          },
          "response": []
        },
        {
          "name": "3. Login as Partner Admin",
          "event": [
            {
              "listen": "test",
              "script": {
                "exec": [
                  "if (pm.response.code === 200) {",
                  "  var jsonData = pm.response.json();",
                  "  pm.environment.set('partner_admin_token', jsonData.data.token);",
                  "}"
                ],
                "type": "text/javascript"
              }
            }
          ],
          "request": {
            "method": "POST",
            "header": [
              {
                "key": "Content-Type",
                "value": "application/json"
              }
            ],
            "body": {
              "mode": "raw",
              "raw": "{\n  \"email\": \"partner@example.com\",\n  \"password\": \"SecurePassword123!\",\n  \"role\": \"partner_admin\"\n}"
            },
            "url": {
              "raw": "{{base_url}}/auth/login",
              "host": [
                "{{base_url}}"
              ],
              "path": [
                "auth",
                "login"
              ]
            },
            "description": "Login with partner_admin credentials"
          },
          "response": []
        },
        {
          "name": "4. Create Partner (Self-Registration)",
          "event": [
            {
              "listen": "test",
              "script": {
                "exec": [
                  "if (pm.response.code === 201) {",
                  "  var jsonData = pm.response.json();",
                  "  pm.environment.set('partner_id', jsonData.data.partner._id);",
                  "}"
                ],
                "type": "text/javascript"
              }
            }
          ],
          "request": {
            "method": "POST",
            "header": [
              {
                "key": "Authorization",
                "value": "Bearer {{partner_admin_token}}"
              },
              {
                "key": "Content-Type",
                "value": "application/json"
              }
            ],
            "body": {
              "mode": "raw",
              "raw": "{\n  \"businessName\": \"ABC Salon & Spa\"\n}"
            },
            "url": {
              "raw": "{{base_url}}/partners",
              "host": [
                "{{base_url}}"
              ],
              "path": [
                "partners"
              ]
            },
            "description": "RBAC ENFORCED: Only partner_admin can create their own Partner\nAutomatically assigns FREE plan on creation\nEnforces: One partner per admin (unique ownerUserId)"
          },
          "response": []
        },
        {
          "name": "5. Get Partner Details",
          "request": {
            "method": "GET",
            "header": [
              {
                "key": "Authorization",
                "value": "Bearer {{partner_admin_token}}"
              }
            ],
            "url": {
              "raw": "{{base_url}}/partners",
              "host": [
                "{{base_url}}"
              ],
              "path": [
                "partners"
              ]
            },
            "description": "Retrieve your own Partner account details and license information"
          },
          "response": []
        },
        {
          "name": "6. Update Partner",
          "request": {
            "method": "PUT",
            "header": [
              {
                "key": "Authorization",
                "value": "Bearer {{partner_admin_token}}"
              },
              {
                "key": "Content-Type",
                "value": "application/json"
              }
            ],
            "body": {
              "mode": "raw",
              "raw": "{\n  \"businessName\": \"XYZ Salon & Spa Services\"\n}"
            },
            "url": {
              "raw": "{{base_url}}/partners",
              "host": [
                "{{base_url}}"
              ],
              "path": [
                "partners"
              ]
            },
            "description": "Update your Partner's business information"
          },
          "response": []
        }
      ]
    },
    {
      "name": "3. License Management",
      "item": [
        {
          "name": "Get Current License",
          "request": {
            "method": "GET",
            "header": [
              {
                "key": "Authorization",
                "value": "Bearer {{partner_admin_token}}"
              }
            ],
            "url": {
              "raw": "{{base_url}}/partners/license",
              "host": [
                "{{base_url}}"
              ],
              "path": [
                "partners",
                "license"
              ]
            }
          },
          "response": []
        },
        {
          "name": "Upgrade License to Starter",
          "request": {
            "method": "POST",
            "header": [
              {
                "key": "Authorization",
                "value": "Bearer {{partner_admin_token}}"
              },
              {
                "key": "Content-Type",
                "value": "application/json"
              }
            ],
            "body": {
              "mode": "raw",
              "raw": "{\n  \"planId\": \"{{plan_id}}\"\n}"
            },
            "url": {
              "raw": "{{base_url}}/partners/license/upgrade",
              "host": [
                "{{base_url}}"
              ],
              "path": [
                "partners",
                "license",
                "upgrade"
              ]
            }
          },
          "response": []
        }
      ]
    },
    {
      "name": "4. Branding Configuration",
      "item": [
        {
          "name": "Get Branding",
          "request": {
            "method": "GET",
            "header": [
              {
                "key": "Authorization",
                "value": "Bearer {{partner_admin_token}}"
              }
            ],
            "url": {
              "raw": "{{base_url}}/partners/branding",
              "host": [
                "{{base_url}}"
              ],
              "path": [
                "partners",
                "branding"
              ]
            }
          },
          "response": []
        },
        {
          "name": "Update Branding Colors",
          "request": {
            "method": "PUT",
            "header": [
              {
                "key": "Authorization",
                "value": "Bearer {{partner_admin_token}}"
              },
              {
                "key": "Content-Type",
                "value": "application/json"
              }
            ],
            "body": {
              "mode": "raw",
              "raw": "{\n  \"primaryColor\": \"#FF6B9D\",\n  \"secondaryColor\": \"#FFC75F\"\n}"
            },
            "url": {
              "raw": "{{base_url}}/partners/branding",
              "host": [
                "{{base_url}}"
              ],
              "path": [
                "partners",
                "branding"
              ]
            }
          },
          "response": []
        }
      ]
    },
    {
      "name": "5. Domain Management",
      "item": [
        {
          "name": "Add Subdomain",
          "request": {
            "method": "POST",
            "header": [
              {
                "key": "Authorization",
                "value": "Bearer {{partner_admin_token}}"
              },
              {
                "key": "Content-Type",
                "value": "application/json"
              }
            ],
            "body": {
              "mode": "raw",
              "raw": "{\n  \"domainType\": \"SUBDOMAIN\",\n  \"domain\": \"abcsalon.appointmenthub.com\"\n}"
            },
            "url": {
              "raw": "{{base_url}}/partners/domain",
              "host": [
                "{{base_url}}"
              ],
              "path": [
                "partners",
                "domain"
              ]
            }
          },
          "response": []
        },
        {
          "name": "Add Custom Domain",
          "request": {
            "method": "POST",
            "header": [
              {
                "key": "Authorization",
                "value": "Bearer {{partner_admin_token}}"
              },
              {
                "key": "Content-Type",
                "value": "application/json"
              }
            ],
            "body": {
              "mode": "raw",
              "raw": "{\n  \"domainType\": \"CUSTOM_DOMAIN\",\n  \"domain\": \"salons.example.com\"\n}"
            },
            "url": {
              "raw": "{{base_url}}/partners/domain",
              "host": [
                "{{base_url}}"
              ],
              "path": [
                "partners",
                "domain"
              ]
            }
          },
          "response": []
        },
        {
          "name": "Verify Domain",
          "request": {
            "method": "POST",
            "header": [
              {
                "key": "Authorization",
                "value": "Bearer {{partner_admin_token}}"
              }
            ],
            "url": {
              "raw": "{{base_url}}/partners/domain/verify",
              "host": [
                "{{base_url}}"
              ],
              "path": [
                "partners",
                "domain",
                "verify"
              ]
            }
          },
          "response": []
        }
      ]
    },
    {
      "name": "6. Team Management (Providers)",
      "item": [
        {
          "name": "Create Provider",
          "event": [
            {
              "listen": "test",
              "script": {
                "exec": [
                  "if (pm.response.code === 201) {",
                  "  var jsonData = pm.response.json();",
                  "  pm.environment.set('provider_id', jsonData.data.providerId);",
                  "}"
                ],
                "type": "text/javascript"
              }
            }
          ],
          "request": {
            "method": "POST",
            "header": [
              {
                "key": "Authorization",
                "value": "Bearer {{partner_admin_token}}"
              },
              {
                "key": "Content-Type",
                "value": "application/json"
              }
            ],
            "body": {
              "mode": "raw",
              "raw": "{\n  \"email\": \"stylist@example.com\",\n  \"username\": \"stylist_john\",\n  \"password\": \"SecurePassword123!\",\n  \"phoneNumber\": \"+1234567890\"\n}"
            },
            "url": {
              "raw": "{{base_url}}/providers",
              "host": [
                "{{base_url}}"
              ],
              "path": [
                "providers"
              ]
            }
          },
          "response": []
        },
        {
          "name": "List All Providers",
          "request": {
            "method": "GET",
            "header": [
              {
                "key": "Authorization",
                "value": "Bearer {{partner_admin_token}}"
              }
            ],
            "url": {
              "raw": "{{base_url}}/providers",
              "host": [
                "{{base_url}}"
              ],
              "path": [
                "providers"
              ]
            }
          },
          "response": []
        },
        {
          "name": "Deactivate Provider",
          "request": {
            "method": "DELETE",
            "header": [
              {
                "key": "Authorization",
                "value": "Bearer {{partner_admin_token}}"
              }
            ],
            "url": {
              "raw": "{{base_url}}/providers/{{provider_id}}",
              "host": [
                "{{base_url}}"
              ],
              "path": [
                "providers",
                "{{provider_id}}"
              ]
            }
          },
          "response": []
        }
      ]
    },
    {
      "name": "7. Authentication Reference - Other Roles",
      "item": [
        {
          "name": "Signup Customer User",
          "request": {
            "method": "POST",
            "header": [
              {
                "key": "Content-Type",
                "value": "application/json"
              }
            ],
            "body": {
              "mode": "raw",
              "raw": "{\n  \"email\": \"customer@example.com\",\n  \"username\": \"customer_user\",\n  \"password\": \"Password123!\",\n  \"phoneNumber\": \"+1234567890\",\n  \"role\": \"customer\"\n}"
            },
            "url": {
              "raw": "{{base_url}}/auth/signup",
              "host": [
                "{{base_url}}"
              ],
              "path": [
                "auth",
                "signup"
              ]
            },
            "description": "Signup as customer role (end-user)"
          },
          "response": []
        },
        {
          "name": "Signup Provider User",
          "request": {
            "method": "POST",
            "header": [
              {
                "key": "Content-Type",
                "value": "application/json"
              }
            ],
            "body": {
              "mode": "raw",
              "raw": "{\n  \"email\": \"provider@example.com\",\n  \"username\": \"provider_user\",\n  \"password\": \"Password123!\",\n  \"phoneNumber\": \"+1234567890\",\n  \"role\": \"provider\"\n}"
            },
            "url": {
              "raw": "{{base_url}}/auth/signup",
              "host": [
                "{{base_url}}"
              ],
              "path": [
                "auth",
                "signup"
              ]
            },
            "description": "Signup as provider role (service provider)"
          },
          "response": []
        }
      ]
    }
  ],
  "variable": [
    {
      "key": "base_url",
      "value": "http://localhost:5000/api",
      "type": "string"
    },
    {
      "key": "platform_admin_token",
      "value": "",
      "type": "string"
    },
    {
      "key": "partner_admin_token",
      "value": "",
      "type": "string"
    },
    {
      "key": "plan_id",
      "value": "",
      "type": "string"
    },
    {
      "key": "partner_id",
      "value": "",
      "type": "string"
    },
    {
      "key": "provider_id",
      "value": "",
      "type": "string"
    }
  ]
}
